Tree,2002Rating,2002DBH,2003Rating,2003DBH ,2004Rating,2004DBH,2005Rating,2005DBH,2007Rating,2007DBH,2008Rating,2008DBH,2009Rating,2009DBH,2010Rating,2010DBH,2011Rating,2011DBH,2013Rating,2013DBH,2014Rating,2014DBH
4016,3,2.2,2,-1.0,1,0.2,1,-1,0,,0,,0,,0,,0,,0,,0,
4017,2,0.3,2,-1.0,,,0,,0,,0,,0,,0,,0,,0,,0,
5061,5,0.7,5,0.8,5,1.0,4,1.1,2,-1.0,0,,0,,0,,0,,0,,0,
16,3,40.9,3,41.0,3,41.1,0,,0,,0,,0,,0,,0,,0,,0,
30,2,-1.0,2,-1.0,,0.3,1,-1,0,,0,,0,,0,,0,,0,,0,
31,2,1.0,2,0.7,,,0,,0,,0,,0,,0,,0,,0,,0,
191,2,0.7,2,1.3,1,,0,,0,,0,,0,,0,,0,,0,,0,
193,3,7.4,3,7.8,,,0,,0,,0,,0,,0,,0,,0,,0,
959,2,1.0,2,1.1,,,0,,0,,0,,0,,0,,0,,0,,0,
5059,5,0.5,5,0.6,,,0,,0,,0,,0,,0,,0,,0,,0,
41,3,29.0,3,29.2,,,0,,0,,0,,0,,0,,0,,0,,0,
57,3,31.4,3,31.4,,,1,-1,0,,0,,0,,0,,0,,0,,0,
76,3,46.2,3,48.8,,,0,,0,,0,,0,,0,,0,,0,,0,
155,3,38.1,3,38.2,,,0,,0,,0,,0,,0,,0,,0,,0,
190,2,26.9,0,0.0,,,0,,0,,0,,0,,0,,0,,0,,0,
306,2,0.3,2,0.9,,,0,,0,,0,,0,,0,,0,,0,,0,
362,2,1.0,2,1.0,,,0,,0,,0,,0,,0,,0,,0,,0,
4014,3,5.1,5,5.6,2,5.6,0,-1.0,0,,0,,0,,0,,0,,0,,0,
94,,,2,2.2,5,2.3,0,,0,,0,,0,,0,,0,,0,,0,
442,3,21.6,2,0.6,,,0,,0,,0,,0,,0,,0,,0,,0,
449,2,1.2,2,1.3,,,0,,0,,0,,0,,0,,0,,0,,0,
3008,2,10.7,2,0.2,,,0,,0,,0,,0,,0,,0,,0,,0,
4019,2,11.4,2,11.9,1,0.3,,-1,0,,0,,0,,0,,0,,0,,0,
377,2,10.2,2,0.3,,,0,,0,,0,,0,,0,,0,,0,,0,
396,2,5.8,2,0.4,,,0,,0,,0,,0,,0,,0,,0,,0,
1578,2,23.1,2,24.4,2,25.0,0,,0,,0,,0,,0,,0,,0,,0,
169,2,0.1,2,-1.0,,,0,,0,,0,,0,,0,,0,,0,,0,
513,2,36.1,2,58.1,2,38.4,2,-1,0,,0,,0,,0,,0,,0,,0,
515,2,3.0,0,0.0,,,0,,0,,0,,0,,0,,0,,0,,0,
2100,2,7.9,2,-1.0,,,0,,0,,0,,0,,0,,0,,0,,0,
2117,5,9.9,2,9.8,1,10.0,0,,0,,0,,0,,0,,0,,0,,0,
4050,5,3.7,2,3.7,,,0,,0,,0,,0,,0,,0,,0,,0,
5050,5,1.6,5,1.6,1,1.7,0,,0,,0,,0,,0,,0,,0,,0,
5056,5,1.3,5,1.3,5,1.4,,-1,2,-1.0,0,,0,,0,,0,,0,,0,
2022,2,8.3,2,-1.0,,,0,,0,,0,,0,,0,,0,,0,,0,
2036,2,39.6,2,40.5,2,40.7,2,40.4,0,,0,,0,,0,,0,,0,,0,
2313,5,14.5,5,14.5,2,14.4,2,1.0,0,,0,,0,,0,,0,,0,,0,
2531,2,24.4,2,24.5,2,24.3,2,-1.0,0,,0,,0,,0,,0,,0,,0,
5051,5,1.6,5,1.7,,,5,-1.0,,,,,,,,,,,,,,
5034,5,0.3,5,0.4,1,0.6,1,0.4,,,,,,,,,,,,,,
423,2,18.2,2,18.4,2,18.9,2,18.8,3,19.0,3,19.0,3,19.2,,,2,0.2,1,0.3,2,0.8
436,2,19.7,2,20.3,2,20.0,2,20.2,2,20.3,3,20.3,3,20.1,,,2,0.9,0,,0,
4052.1,2,27.2,2,27.8,2,27.5,2,27.6,3,27.9,3,28.1,3,27.7,,,3,29,3,30.1,2,28.7
4053.1,5,46.5,2,47.3,2,47.0,2,46.9,2,46.7,3,46.5,3,47.1,,,2,0.6,0,,,
4054.1,2,28.6,2,29.0,2,29.1,2,29.0,2,29.1,2,29.0,2,29.2,,,1,1.2,1,-1,0,
4055.1,5,45.6,5,46.0,2,46.5,2,46.3,3,45.9,3,45.6,3,45.7,3,1.4,2,1.5,2,1.8,2,0.5
4056.1,5,45.2,5,46.2,3,46.5,2,46.5,3,46.2,3,46.0,3,46.0,3,1.5,2,1.1,2,2,2,1.5
4057,5,11.7,5,11.8,5,12.1,2,12.4,3,12.6,3,12.7,3,13.4,3,15.4,3,14.1,3,15.3,3,15.4
4058.1,2,53.8,2,53.8,2,55.1,2,39.4,3,39.8,3,39.5,3,39.1,3,3.5,3,3.7,2,1.3,2,1.3
4059.1,2,18.3,5,18.5,2,18.6,2,18.7,3,18.8,3,18.7,3,18.9,3,17.5,2,1.3,2,3.3,1,3.8
4060.1,2,0.5,2,1.2,1,1.5,2,-1.0,3,1.1,3,1.0,3,0.3,3,0.8,2,,1,-1,2,-1
4061,5,24.6,5,24.9,5,25.2,2,25.2,3,25.4,3,25.4,3,25.6,3,25.4,2,25.8,2,1.7,2,0.2
4062,2,29.0,2,29.7,3,29.6,2,29.5,3,30.0,3,30.0,3,30.1,3,30.3,2,2.3,2,1.4,2,0.2
4063,2,23.5,2,24.0,3,22.8,2,22.7,3,23.2,3,23.5,3,23.6,3,24.1,2,24.1,2,1.6,2,1.8
4064,2,29.5,2,29.9,2,30.0,2,30.0,2,29.8,3,3.5,3,4.0,3,4.6,3,4.7,2,1.5,3,0.5
4065,5,42.4,5,43.3,4,43.5,2,43.2,3,44.5,3,45.2,3,45.8,3,1.5,2,0.5,2,1.1,2,-1
4066,5,6.5,2,6.9,5,7.1,5,7.5,3,8.8,3,9.2,3,9.6,3,10.6,3,9.9,2,1.7,2,1.7
4067,5,11.2,2,11.4,5,11.6,5,11.7,2,11.6,2,0.4,2,0.8,2,-1.0,3,0.3,0,,0,
4068,2,61.5,2,61.0,3,65.0,2,62.5,3,61.5,3,64.4,3,63.0,3,64.2,3,61.5,3,61.7,3,61.9
4069,2,46.2,2,47.9,5,64.5,3,49.2,2,50.5,3,50.0,3,49.6,3,49.6,3,49,1,2.6,2,3.4
4070,5,13.4,5,14.2,2,16.0,2,15.4,2,1.8,3,2.0,3,1.9,3,2.6,3,2.8,1,-1,2,0.3
4071,5,16.7,5,17.7,5,18.2,2,18.6,2,18.8,3,18.7,3,18.9,3,1.3,3,1.6,0,,0,
4072,5,7.7,5,8.1,5,8.3,5,8.3,2,9.2,3,9.0,3,9.0,3,9.1,3,9.2,1,0.5,2,0.2
4073,5,21.0,5,22.4,5,22.5,2,23.0,2,0.6,2,0.5,1,0.9,2,1,2,1.2,2,1.3,1,-1
29,3,26.9,3,27.5,3,27.5,4,0.3,2,1.0,1,0.6,1,0.7,3,0.8,2,0.9,1,0.9,0,
34,3,51.3,3,52.4,3,51.8,3,52.8,3,54.0,3,53.7,3,54.4,3,56,3,54.2,3,56,3,54.9
38,,,,,3,40.2,3,38.2,3,39.3,3,38.5,3,39.2,3,39.6,3,41.7,3,40.7,3,39.9
48,3,18.5,2,19.0,3,19.7,3,19.2,3,20.7,2,20.5,3,21.0,3,1.2,3,21.4,3,21.6,3,21
52,3,33.3,3,33.6,2,34.0,2,33.9,2,-1.0,0,,0,,0,,0,,0,,0,
53,,,,,2,33.0,2,18.0,2,1.0,2,0.5,2,0.5,3,,2,,0,,0,
54,1,20.3,3,20.6,3,20.9,3,21.2,3,22.4,3,22.7,3,23.0,3,23.2,3,23.8,3,25.5,3,23.7
62,3,34.0,3,34.7,3,34.8,3,35.2,3,37.8,3,36.5,3,36.6,3,37.4,3,37.3,2,1.9,2,37.5
63,,,,,3,44.1,2,43.6,3,45.0,3,43.4,3,43.7,3,45,3,43.2,2,,0,
64,3,49.3,2,50.9,3,51.1,3,50.9,3,51.5,3,51.4,3,51.4,3,52.3,3,51.4,2,0.8,3,51.5
65,3,32.3,3,33.1,3,32.5,2,32.5,3,32.7,3,33.0,3,33.0,4,33.1,3,31.3,2,2,2,2.7
66,3,36.3,4,36.9,4,38.0,4,38.0,3,34.8,3,40.3,3,40.5,3,41.2,2,41.5,2,42.5,2,41.4
70,3,42.7,3,44.3,,,3,45.0,3,48.9,3,49.8,3,51.4,3,53.5,3,54.9,3,56,3,56.1
77,3,40.1,3,41.5,3,41.7,2,40.5,3,40.7,3,39.5,1,,,,0,,3,42.3,3,39
79,3,39.9,3,40.5,3,40.5,2,40.2,3,40.6,3,41.4,3,41.4,3,41.5,2,41.1,1,41.6,2,1.3
111,3,33.8,3,34.2,5,34.5,3,35.3,4,36.3,3,36.9,3,37.2,3,38,4,39,3,39.9,3,40.1
112,3,23.9,2,24.5,3,24.8,3,24.9,3,25.0,3,25.6,3,26.4,3,26.5,3,26.5,2,2.2,3,2.7
113,1,21.8,2,22.5,,,,,3,15.0,4,15.4,4,15.4,3,15.6,3,15.6,2,3.2,3,24.5
114,2,28.4,2,28.7,2,20.7,3,29.1,3,1.9,3,29.9,3,31.0,3,31.5,3,30.5,3,31,3,31
115,2,43.2,2,43.2,3,43.4,3,43.6,3,44.8,3,44.4,3,44.5,3,46.6,3,44.5,3,47.6,3,44.7
116,3,34.5,3,35.5,3,36.0,3,36.4,3,37.7,3,37.5,3,39.1,3,39.5,2,38.8,3,38.5,3,39.6
118,,,,,,,,,,,1,-1.0,1,0.2,1,1.4,2,0.6,2,2.6,2,2.4
149,3,15.0,3,15.7,3,16.1,3,16.4,3,18.2,3,17.2,3,17.0,3,17.1,3,18.1,1,0.3,2,0.2
164,2,6.9,2,7.1,2,7.3,4,7.8,4,9.0,3,8.9,3,9.1,3,9.5,3,9.5,3,9.8,3,9.4
194,3,11.7,2,0.9,1,1.0,2,1.1,2,2.1,3,2.2,3,2.4,3,0.7,2,0.7,2,1,2,0.2
195,3,8.1,3,8.1,1,2.1,2,8.4,3,8.6,3,8.9,3,9.1,3,9.5,3,8.9,2,8,2,1.5
282,,,,,2,34.0,2,23.7,3,34.8,3,35.0,3,34.3,3,34.4,2,34.4,1,32.8,3,1.6
293,,,2,1.9,2,2.1,2,-1.0,2,1.2,2,0.2,2,,2,-1.0,2,,,,,
321,2,11.4,3,3.2,1,0.3,2,0.9,2,1.6,3,2.2,3,3.1,3,3.3,3,3.4,1,0.2,2,0.7
326,3,15.0,3,16.2,1,2.0,2,2.2,3,4.0,4,4.5,4,5.7,3,5.2,3,90,3,9.2,3,6.5
830,3,29.7,3,30.1,2,30.3,3,30.1,3,29.9,3,30.8,3,32.0,3,32.2,2,33.3,3,29.7,,
831,3,29.7,2,30.5,2,31.0,2,30.9,3,32.2,3,31.0,3,31.0,3,31.3,3,31.4,3,31.5,3,31.4
832,5,6.9,5,7.5,2,8.3,3,7.8,2,8.9,2,9.2,3,9.8,3,10.6,3,11.8,3,12.9,3,13.5
833,5,10.7,2,10.9,1,4.6,1,0.6,2,1.2,2,1.5,2,1.7,3,1.9,3,1.9,3,2,2,0.8
837,2,2.0,2,1.1,2,1.1,2,-1.0,2,1.2,2,2.2,2,2.6,2,0.2,2,0.2,,,,
839,2,5.1,2,7.4,3,7.5,2,-1.0,3,9.4,3,9.8,3,10.5,3,11.9,3,11.9,3,12.2,3,12.7
4015,2,0.7,2,1.0,1,1.0,2,1.8,2,1.6,1,1.1,1,1.5,2,1.7,2,2.3,2,-1,2,-1
4058.2,5,4.6,5,4.9,5,5.0,2,5.3,2,5.5,3,6.0,2,6.0,2,-1.0,,,0,,,
4059.2,5,8.6,2,8.8,2,3.4,2,8.9,2,8.8,2,0.7,2,,2,-1,2,,0,,,
4060.2,2,2.8,2,3.1,5,3.0,4,3.4,2,-1.0,1,0.4,2,0.6,3,0.6,1,0.5,2,-1,2,89
5058,5,1.1,2,1.2,5,1.6,5,1.5,2,2.0,2,2.8,2,2.3,2,,3,0.3,,,0,
5062,5,1.3,5,1.7,5,2.0,5,2.3,2,3.0,2,3.0,2,0.8,2,0.7,2,0.2,2,0.2,2,0.1
114A,,,,,,,,,,,3,2.5,3,2.7,3,4.2,,,2,2,,
6,3,46.5,3,47.0,3,47.0,2,47.0,3,48.4,3,47.5,3,48.7,3,47.9,3,49.2,3,49.2,3,49.1
8,,,,,3,20.9,4,20.6,3,20.7,3,20.7,3,20.2,3,1.1,2,1.4,2,1.4,2,0.7
9,3,25.9,3,26.8,3,26.8,4,26.8,3,27.1,3,27.1,3,27.9,3,27.5,3,29.4,3,46.9,3,27.3
12,3,33.8,3,35.6,3,35.6,4,37.5,3,35.9,3,35.5,3,35.4,3,35.9,3,36.8,4,36.8,3,36.9
13,3,36.1,3,37.5,3,37.1,2,35.4,3,38.7,3,38.8,3,38.5,3,38,4,39.1,4,39.1,4,39.2
14,2,0.8,2,1.5,2,0.3,2,2.0,2,2.3,2,2.3,2,2.3,2,2.8,2,0.2,2,0.2,2,0.6
15,3,38.1,3,39.1,3,39.8,3,39.6,3,40.6,3,40.8,3,41.0,3,41.5,3,41.7,4,42.5,4,42.6
17,3,36.6,3,37.2,4,38.5,4,38.5,3,39.8,2,39.3,3,40.1,3,40.2,3,41.9,3,41.6,4,41.2
45,,,,,,,1,-1.0,1,-1.0,1,-1.0,1,,1,-1.0,1,-1.0,0,,1,-1
51,1,23.1,2,2.4,2,2.5,1,1.3,2,2.7,3,2.0,3,2.1,3,1.9,3,2,1,-1,2,-1
74,2,2.5,2,2.4,1,0.3,2,1.1,2,1.4,2,1.7,2,1.9,3,1.9,2,1.9,2,2.2,2,2
75,3,38.9,3,39.5,3,39.7,3,39.9,3,40.9,3,40.7,3,41.0,3,41.2,3,41.5,4,42.3,4,42.3
97,3,24.9,3,25.0,4,24.8,2,25.0,3,25.9,3,25.0,3,25.0,3,24.6,3,24.7,3,2.6,2,2.6
98,3,13.2,3,14.2,4,14.6,3,15.5,3,16.6,3,16.7,3,17.1,3,17.2,3,17.6,3,18,3,18
160,2,1.2,2,0.6,1,0.3,1,0.7,0,,1,-1.0,,,,,,,,,,
187,3,35.6,3,35.6,3,36.4,2,35.8,3,36.3,3,36.0,3,36.5,3,36.7,3,36.8,4,36.7,4,36.6
281,,,,,3,8.4,3,2.1,3,2.4,3,2.5,3,2.6,3,2.7,3,2.8,2,-1,2,1
328,3,7.6,3,8.7,2,9.7,3,10.0,3,11.8,3,11.0,3,11.0,3,11.1,3,10.5,1,2,2,2.1
330,3,8.4,3,6.6,2,8.9,3,8.9,3,9.1,2,2.0,2,0.4,3,1.6,2,0.2,1,-1,1,-1
4018,3,3.3,3,2.6,3,3.3,3,2.0,2,2.6,2,3.9,3,3.0,3,3.1,3,3.4,3,3.6,3,3.4
4055.3,,,3,4.0,4,3.9,4,4.6,3,6.8,3,7.2,3,7.8,3,8.1,3,8,2,8.8,2,8.3
4056.3,5,2.5,5,2.9,2,4.1,2,3.1,2,0.6,2,0.9,2,1.0,2,0.5,3,1,2,-1,2,0.2
4123,5,2.8,5,2.9,5,3.0,2,-1.0,2,-1.0,1,-1.0,2,,3,-1.0,2,,2,-1,2,-1
5026,5,0.4,5,0.4,5,0.3,5,0.8,3,2.0,2,1.0,3,1.0,3,1.2,3,2.2,2,1,2,-1
5027,5,0.9,5,0.9,5,0.3,5,1.1,1,1.4,1,1.1,2,1.5,2,0.4,2,0.8,2,0.8,2,0.7
5028,2,0.4,2,0.5,,,2,0.9,2,1.1,1,1.5,2,1.6,1,1.7,2,2,2,98,1,-1
5029,5,0.3,5,0.4,,,5,0.6,2,0.7,2,0.7,2,0.7,2,-1.0,2,,1,-1,2,-1
5060,5,0.6,5,0.7,2,,2,-1.0,1,0.9,1,0.8,2,1.0,3,1.1,2,1.2,0,,0,
5108,,,5,0.2,,,5,0.6,2,0.8,2,0.3,2,0.4,3,-1.0,2,0.2,1,-1,,
5109,,,5,0.2,,,5,0.9,2,0.3,2,0.2,2,0.3,1,-1.0,2,,,,,
7A,3,15.0,3,15.7,,,3,16.5,3,17.2,3,17.5,3,17.7,3,21.3,3,20,3,19.7,3,19.7
7B,3,8.6,3,9.6,,,2,2.0,2,2.9,3,3.0,2,3.0,3,0.5,3,0.9,2,-1,2,-1
22,3,32.5,3,32.5,3,32.7,3,32.2,3,32.9,3,32.7,2,2.1,3,2.1,3,2.4,1,1.4,2,-1
24,3,26.9,3,27.6,3,27.4,2,0.4,3,26.7,3,26.4,1,,4,27.4,3,26.5,0,,0,
26,3,35.8,3,35.6,3,35.9,3,35.9,3,42.0,3,34.2,3,2.6,3,2.7,3,3,2,1,1,-1
27,3,29.8,3,57.8,3,30.0,3,30.0,3,30.0,3,30.5,3,30.9,4,30.6,3,31.7,3,32,3,31.7
40,3,55.4,3,54.8,3,57.1,3,56.9,3,57.6,3,57.6,3,57.9,3,56.6,3,56.9,3,56.9,4,57.6
46,2,2.3,3,2.7,4,3.1,3,3.3,2,3.5,3,3.5,2,1.8,2,1.9,2,1.3,2,-1,0,
56,3,29.1,3,29.4,,,,,3,30.6,3,30.0,3,29.6,3,31,2,49.7,,,,
189,2,1.8,2,2.3,2,3.2,3,2.8,2,0.3,2,0.5,2,0.6,2,0.6,2,-1,1,-1,2,0.2
192,3,36.6,3,36.6,3,36.7,2,36.7,3,37.8,3,37.0,3,37.6,3,37.2,2,38.1,3,-1,3,37
305,2,40.1,3,40.8,3,41.2,3,41.9,3,41.0,3,41.2,3,42.2,3,40.9,2,41.4,3,40.8,3,41
307,3,30.2,3,30.4,,,2,1.7,2,0.5,1,0.2,2,0.6,,,1,,0,,0,
308,,,,,,,3,21.4,3,22.8,3,22.0,3,22.6,3,23.3,3,22.8,3,23.3,3,22.9
530,3,9.4,3,10.0,3,10.1,3,10.4,3,11.5,3,11.5,3,11.6,4,11.8,3,11.9,2,0.9,2,0.2
885,2,20.3,3,20.7,2,20.7,3,20.9,3,20.7,3,21.8,3,21.0,3,26,3,2.7,2,1,2,1.2
5030,3,1.5,2,2.1,,,3,2.4,3,2.7,2,2.8,3,3.0,3,3.1,3,3.1,2,-1,2,0.2
161,2,0.8,2,0.9,2,0.3,2,0.4,2,0.4,2,0.5,2,0.4,2,0.6,2,0.5,1,-1,1,-1
359,3,15.0,2,3.1,2,2.0,2,1.0,3,2.4,1,2.7,2,3.2,2,0.9,2,3.2,2,2,2,2
360,3,62.2,3,63.8,2,64.1,2,63.5,3,2.4,2,2.0,2,2.0,3,2.2,3,2.5,2,0.2,0,
361,2,71.1,3,73.1,3,75.0,3,73.0,3,8.6,4,9.0,3,8.9,3,2.8,2,3.3,2,2.1,2,3.1
363,3,20.1,3,19.8,2,2.0,2,1.7,3,1.7,1,2.0,1,0.4,2,0.6,1,0.6,2,1,2,-1
364,2,41.7,2,42.6,2,42.7,3,42.5,3,34.1,3,43.0,3,43.2,3,2.8,2,3,,,2,1.5
365,3,12.4,3,12.6,2,1.0,2,0.8,2,1.0,2,1.0,1,0.3,2,0.5,2,0.5,2,0.2,2,0.2
684,5,22.4,5,23.5,2,23.8,3,24.1,3,25.0,3,24.9,3,25.1,3,26,3,24.8,2,2.3,2,2.3
685,2,18.8,5,19.1,3,19.6,3,19.9,3,20.4,3,19.8,3,20.5,3,22.5,3,20.5,2,3.5,3,3.7
686,5,7.4,5,7.7,5,8.0,3,8.0,3,8.8,3,9.2,3,9.1,3,9.5,3,9.8,2,1.2,2,1.2
687,2,23.4,3,25.1,3,25.7,3,25.9,3,26.8,3,27.2,3,27.5,3,27.7,3,28.5,3,29.1,1,-1
689,5,7.1,4,7.7,2,0.2,2,-1.0,2,0.9,1,1.1,2,1.2,2,,2,0.6,2,1.3,1,-1
690,2,11.4,2,11.7,2,3.0,2,3.1,2,1.2,2,0.6,2,1.6,2,2.2,2,1.9,2,3.5,2,0.5
691,2,14.5,2,14.9,2,15.0,1,-1.0,2,2.0,2,1.8,3,2.0,3,3.1,2,3.3,2,1.5,2,1.9
692,5,18.8,2,19.3,3,19.5,3,19.9,3,19.7,2,2.6,2,3.1,2,4.4,3,5.1,2,1.8,2,2.5
693,5,6.9,5,7.4,,,0,-1.0,1,-1.0,1,-1.0,1,0.3,3,1.7,2,0.9,2,-1,1,-1
694,5,7.4,2,7.7,2,7.5,2,7.7,3,8.0,4,8.1,3,8.2,3,8.3,3,8.4,2,1.9,3,7.3
695,2,22.6,2,24.1,3,24.5,4,25.3,3,29.5,3,28.2,3,28.8,3,28.8,3,28.7,3,28.6,3,28.6
696,5,11.2,5,11.4,5,12.5,3,11.8,3,12.7,3,13.1,3,13.3,3,14,3,12.9,2,3,2,2.8
703,2,10.4,3,11.7,4,10.9,3,11.0,3,11.5,3,11.5,3,11.5,3,2.8,3,3.5,2,2,2,2.1
704,5,5.1,5,5.2,2,5.4,3,5.5,4,5.9,3,6.5,3,7.0,3,6.8,3,3.2,2,1.8,2,2.8
705,5,6.4,5,6.8,5,7.0,5,7.1,2,7.5,2,1.4,2,2.0,2,2.6,2,3.2,2,3.6,2,4
706,5,11.7,2,12.2,2,12.3,3,12.1,3,12.4,3,13.5,3,12.1,3,12.3,3,2.5,2,0.6,2,1.8
707,5,9.1,5,9.6,5,9.9,3,10.0,3,10.2,3,10.2,2,1.5,2,1.6,3,0.4,2,0.1,1,0.5
942,5,10.7,5,11.3,2,11.6,2,1.7,2,1.5,2,1.5,2,2.2,2,3,3,3.3,2,1.5,3,2
943,5,8.1,5,8.6,2,8.3,3,9.1,3,9.8,3,9.9,3,9.8,2,1.4,3,9.2,2,0.5,2,0.5
944,2,7.6,3,7.9,2,1.8,2,2.4,2,1.0,2,1.1,2,1.2,2,0.8,2,0.5,1,-1,1,-1
945,2,14.2,3,14.3,1,-1.0,2,12.8,4,2.5,3,3.0,2,3.3,2,1.6,3,3.5,1,1.1,1,1.3
946,5,7.6,5,8.3,2,9.1,2,-1.0,2,1.0,2,1.2,2,1.6,2,0.5,2,1.1,3,0.6,2,0.8
947,4,9.9,2,10.5,2,-1.0,2,-1.0,2,0.4,2,0.4,2,0.8,2,1.1,2,1.6,2,-1,1,-1
948,2,6.4,2,7.0,2,7.4,3,7.5,2,1.1,2,1.6,2,0.3,2,0.9,2,1.6,3,0.4,1,-1
949,3,8.6,3,8.7,2,8.8,2,0.4,2,2.2,3,2.3,2,1.5,2,1.9,2,2.4,2,3.3,2,3.3
950,5,6.9,5,7.5,2,7.9,3,8.2,3,10.1,3,10.9,3,9.3,3,10.3,2,4.1,2,2.2,2,3.1
4009,5,4.3,5,4.7,5,4.9,5,5.1,2,1.6,2,2.1,2,2.7,2,3.1,2,3.4,1,2.6,1,2.5
4010,5,4.3,2,4.5,3,5.0,3,4.8,3,5.6,4,5.8,3,5.8,3,4,3,4.5,2,0.8,2,0.7
4011,5,4.8,2,5.1,1,-1.0,1,-1.0,2,-1.0,3,0.5,3,0.7,2,0.4,3,0.8,2,0.97,2,0.2
4012,5,4.8,5,5.1,4,5.5,3,5.5,3,7.8,1,3.0,3,3.0,3,4.2,3,5.2,2,1.3,2,1.4
4013,5,9.9,2,10.2,2,10.3,3,10.5,3,2.5,3,12.2,3,2.8,3,1.3,2,1.9,2,2,2,1.5
4104,5,5.3,5,5.8,2,6.1,3,6.2,2,0.9,2,1.1,2,1.4,2,1.8,2,2.2,2,1,1,1.1
4105,5,4.1,5,4.3,5,4.5,5,4.7,3,5.9,3,6.0,2,0.2,2,0.3,2,0.6,2,0.6,2,0.8
4106,5,3.6,5,3.9,5,4.1,4,4.3,3,4.5,3,4.2,2,2.3,2,2.4,3,2.6,2,2.8,2,2.7
4107,5,3.8,5,4.2,5,4.4,4,4.5,2,4.8,1,1.7,2,1.6,2,1.7,3,2.1,2,1.5,2,1.9
4108,5,3.6,5,3.9,5,4.1,4,4.4,3,6.0,3,6.5,3,7.0,3,2.3,3,7.6,3,2.7,2,3
4109,5,4.6,5,4.8,5,5.2,2,5.8,2,1.1,2,1.2,2,0.2,2,0.8,2,1.1,2,2,2,0.5
4110,5,3.0,5,3.3,2,3.7,4,4.7,3,8.5,3,5.2,3,5.2,3,7.3,3,5.4,2,1.5,2,0.5
4111,5,2.5,5,3.0,,,5,3.8,1,5.6,2,5.2,2,0.2,2,0.4,2,1.1,2,0.2,2,-1
4112,5,3.2,2,3.4,2,3.7,2,4.0,3,5.8,3,5.0,3,5.0,3,1.8,3,4.8,2,2.8,1,0.1
4113,5,2.8,5,3.2,,,5,3.8,1,5.7,1,6.8,2,6.9,2,7.1,2,7.3,2,1.6,2,1.7
4114,5,2.8,5,3.4,,,4,4.1,3,5.1,2,5.4,3,5.8,3,6.4,3,6.8,2,2.3,2,1
4115,5,3.3,5,3.7,,,5,4.4,2,6.3,2,6.4,2,6.5,2,1.8,2,1.9,2,0.3,2,0.9
4116,2,4.1,2,1.2,,,1,-1.0,2,-1.0,2,0.2,2,,2,-1.0,2,0.2,1,0.5,1,0.5
4117,5,4.1,5,4.4,,,5,5.1,2,6.0,3,6.1,3,6.1,2,3.5,3,3.2,1,1,3,0.5
4118,5,2.8,5,3.2,,,5,3.3,2,-1.0,1,-1.0,1,,2,-1.0,2,0.2,1,0.2,1,-1
4119,5,2.5,5,2.8,5,3.3,5,3.4,1,5.0,2,5.7,2,5.9,2,6.2,3,7.2,1,1,2,1.6
4120,5,1.0,5,2.6,,,3,2.7,2,-1.0,1,0.9,3,1.1,3,1.8,2,2.1,0,,,
4121,5,6.9,5,7.2,2,7.5,2,7.5,3,8.1,2,8.1,3,8.3,3,8.4,2,5.8,3,0.9,2,0.9
4122,5,1.2,5,3.2,,,5,3.9,4,4.7,4,5.1,4,5.2,3,5.6,3,6,3,6.1,3,6.2
5009,5,2.3,5,2.4,1,2.5,5,2.7,1,3.6,1,4.0,1,,2,0.7,2,1.1,2,0.8,2,0.8
5010,5,0.6,5,0.4,5,0.5,5,0.6,1,0.9,1,1.1,1,1.5,2,2.1,2,2.2,1,-1,2,-1
5011,5,0.4,5,0.3,5,0.7,5,0.6,2,0.5,2,-1.0,2,,2,-1.0,,,0,,,
5012,5,1.7,5,1.9,5,2.1,2,2.2,2,2.0,1,2.1,2,2.4,2,0.6,3,0.4,1,1.5,1,1.9
5013,5,1.1,5,1.4,5,1.8,5,2.0,3,4.0,1,4.3,2,1.3,3,3.1,2,4.3,2,0.2,2,0.2
5014,5,0.4,5,0.5,5,0.5,5,0.5,2,0.7,2,0.7,2,1.5,2,1.9,3,2.2,1,0.8,1,1
5015,5,2.1,5,2.4,,,2,-1.0,2,-1.0,3,0.9,2,1.0,2,-1.0,2,-1.0,,,0,
5016,5,1.8,5,2.0,,,5,2.3,2,3.9,2,3.1,3,3.1,2,0.3,2,0.3,,,1,48
5017,5,1.5,5,1.6,,,5,1.5,1,1.8,2,1.9,2,2.1,2,2.4,2,3.1,2,0.2,2,0.2
5018,5,0.9,5,1.0,,,5,-1.0,2,-1.0,1,0.2,1,0.3,2,-1.0,1,-1.0,5,0.2,2,0.7
5019,5,0.7,5,0.8,,,5,1.0,2,-1.0,1,-1.0,1,0.3,1,0.3,2,0.7,2,-1,3,-1
5020,5,2.1,5,2.3,,,5,2.8,1,4.0,1,4.8,2,5.0,2,0.7,3,0.8,2,0.2,2,0.2
5021,5,0.7,5,0.2,5,0.7,4,0.6,4,2.8,3,1.5,2,0.9,2,0.7,2,0.8,2,-1,1,-1
5023,5,0.5,5,0.5,5,2.0,5,2.2,2,2.5,3,0.3,2,0.2,2,0.6,2,1.3,2,0.9,2,0.9
5024,5,2.0,5,2.1,5,1.7,5,1.9,3,2.5,3,2.8,2,2.6,3,1.6,2,1,2,0.8,2,0.2
5025,5,1.6,5,1.6,,,2,2.0,2,3.0,3,2.9,3,2.8,2,0.7,1,1.1,2,1.6,2,1.5
5100.5,5,1.5,5,1.6,,,5,2.0,2,1.0,1,1.2,1,1.5,2,0.6,2,1.3,2,1.2,2,-1
5102,,,5,0.2,5,0.5,5,0.4,2,1.2,1,1.3,2,1.0,2,1.3,3,2,2,-1,2,-1
5103,,,5,0.2,,,5,0.2,1,1.2,1,1.3,1,1.5,1,1.9,1,2.1,2,2.5,2,2.5
5104,,,5,0.4,,,5,1.0,1,2.1,2,2.1,2,2.0,2,0.4,2,0.8,1,0.2,0,
5105,,,5,0.2,,,2,0.2,2,-1.0,1,0.9,2,1.0,2,-1.0,2,,5,-1,5,-1
5106,,,5,0.4,,,5,0.3,2,1.9,2,1.7,2,1.3,2,0.9,2,1.1,1,0.5,2,0.6
5107,,,5,0.4,,,5,0.2,1,1.3,2,1.3,1,0.5,2,0.6,2,0.9,2,1.4,2,-1
5023a,,,,,5,0.6,5,0.5,,,1,2.9,3,3.1,3,3.5,3,3.7,2,-1,3,3.7
93,3,34.5,3,36.0,3,38.0,3,37.9,3,40.6,3,39.9,3,42.3,3,43.2,3,44.1,3,45,3,44
95,3,27.4,2,27.1,2,27.2,3,27.4,3,27.5,3,27.7,3,27.7,3,28.7,3,27.6,2,6,2,27.8
96,3,69.3,3,70.5,2,71.8,3,71.2,3,71.9,3,71.9,3,72.0,3,73.8,3,73.5,3,74.2,3,74.4
131,2,38.1,2,39.8,2,39.8,2,37.7,3,42.5,3,42.4,3,42.7,3,43.1,3,43.2,3,44.3,3,44
132,3,68.6,3,70.5,2,70.5,2,75.0,3,72.0,3,76.1,3,73.3,3,72.9,3,72.9,3,74.6,3,1.1
236,3,28.4,3,29.0,2,29.0,2,1.0,2,1.8,3,1.0,3,2.7,3,3.4,2,3.5,2,2.4,2,1
238,3,33.3,3,33.7,2,34.3,2,34.5,2,0.8,2,2.2,2,1.4,3,1.5,2,1.6,2,1.4,2,0.2
239,3,29.2,3,30.5,2,31.5,3,31.3,2,0.3,1,-1.0,1,,3,-1.0,1,-1,1,47.5,1,0.2
240,3,28.4,3,29.5,2,30.0,2,29.4,3,11.0,3,17.0,3,17.2,3,17.4,3,17.7,2,18.3,2,18.7
241,3,36.3,3,37.0,2,38.3,3,38.8,3,40.1,3,40.1,3,41.0,3,41.2,3,41.5,,43,4,43.2
441,3,13.2,2,1.0,2,1.5,3,1.6,2,1.9,3,2.0,3,0.5,3,0.9,3,1.2,2,0.5,2,0.5
445,3,12.7,2,0.4,2,13.5,2,-1.0,2,0.8,3,1.0,2,1.3,2,,2,-1,2,70,0,
446,3,15.2,2,15.3,2,15.7,2,-1.0,2,0.9,3,0.7,2,1.2,3,1.8,2,2.2,2,-1,2,0.2
450,,,,,2,35.7,2,0.2,2,0.7,2,1.2,2,,3,0.6,1,-1,1,-1,1,27
451,2,44.7,2,45.8,2,29.5,2,45.4,3,44.8,3,44.1,3,30.4,3,30.7,3,30.9,3,31.5,3,30.8
452,,,,,2,29.0,2,0.8,2,1.0,2,0.9,2,0.9,3,1.1,2,1.1,1,1.1,1,1.2
453,3,38.9,3,36.8,2,36.0,2,36.7,3,37.9,3,36.8,3,37.0,3,37,3,5.5,2,7.6,3,8.6
3005,2,8.9,2,9.0,2,9.0,2,0.5,,,,,,,1,1.1,,,1,0.9,1,-1
3007,2,13.5,2,13.5,2,13.4,2,13.3,2,0.9,2,1.0,2,0.8,3,1.8,2,0.8,2,,2,-1
3012,3,6.1,2,6.2,2,6.2,3,6.4,2,1.3,3,1.4,3,1.5,3,0.7,2,1,2,1.4,2,-1
3013,3,6.6,3,7.1,2,7.8,3,7.7,3,8.2,3,8.1,3,8.1,3,8.8,2,1.4,2,0.2,2,0.5
3014,3,28.4,3,29.8,2,30.7,2,31.0,3,32.2,3,32.4,3,32.6,3,32.7,2,32.9,2,1.5,2,1.7
3015,2,29.7,2,30.4,2,29.5,2,0.8,2,1.9,3,2.0,3,2.0,3,1.6,3,0.8,0,,0,
4124,5,2.5,2,3.0,,,,,2,1.0,1,1.2,2,2.2,3,2.9,,,,2.2,,
4125,2,14.7,2,15.2,2,15.5,2,15.2,2,1.9,2,1.8,2,1.7,2,1.3,3,2,,-1,2,0.1
4126,5,3.0,5,3.2,5,3.7,5,3.8,3,4.7,4,4.8,3,4.8,3,1.7,3,1.8,,,2,0.5
90,3,63.0,2,64.6,2,64.0,3,63.5,2,2.0,2,0.8,3,1.0,3,0.8,3,0.9,1,0.1,2,0.2
1659,5,8.9,2,9.3,2,5.2,3,9.3,3,9.5,3,9.4,3,9.5,3,9.6,3,9.7,2,0.2,2,0.3
1660,,,,,5,9.4,1,,2,1.0,0,,0,,0,,0,,0,,,
1663,5,13.2,5,14.0,4,14.8,3,15.5,3,18.8,3,19.8,3,20.6,3,22.7,3,23.1,3,25.1,3,25
1664,5,7.1,5,7.0,4,7.5,2,7.6,3,8.7,3,8.9,3,10.4,3,10.5,3,11.1,2,11.8,2,11.4
1665,5,3.6,5,4.0,5,4.3,2,4.8,3,5.8,3,6.1,3,6.8,3,1.1,2,0.4,1,0.5,2,0.6
1666,2,9.4,2,9.7,5,10.0,4,10.3,3,12.0,3,12.9,3,12.8,3,13.3,3,4.9,1,0.2,2,0.9
1667,5,6.4,5,6.2,5,6.2,5,-1.0,1,0.4,1,0.7,3,1.0,3,1.1,2,1.3,0,,,
1668,2,56.4,5,57.2,3,67.7,3,57.7,3,58.1,3,58.4,3,57.2,3,60.3,3,3.2,2,1,2,0.5
1669,5,4.8,5,5.2,5,5.6,2,5.9,2,1.3,3,1.9,3,1.5,3,3.2,3,4.6,2,6,2,5.9
1670,5,11.2,5,11.8,3,12.4,3,12.5,3,14.5,3,14.5,3,14.8,3,15.3,3,16,3,4.7,3,4.5
1671,5,7.1,5,7.7,5,8.0,4,8.7,3,11.9,3,12.5,3,13.0,3,14.5,3,13.9,1,2.5,2,3.2
1672,2,35.1,2,35.8,3,36.1,3,36.6,3,37.8,3,38.2,3,38.3,3,38.6,3,38.4,3,38.5,3,38.3
1673,2,13.0,2,13.2,2,13.4,2,13.2,3,13.6,3,13.0,3,1.2,3,2.5,3,3.7,2,0.7,2,0.7
1675,5,32.5,2,33.3,2,8.5,2,34.0,3,34.6,3,35.0,3,35.1,3,36.5,3,35.5,3,36.2,3,36.3
1676,5,3.6,5,3.6,5,4.2,4,4.3,2,1.4,1,1.9,1,2.6,3,4.2,2,1.2,0,,,
1677,5,8.6,5,9.0,5,9.3,2,9.6,3,11.0,3,10.8,3,0.8,3,1.1,2,1.1,0,,,
1703,5,19.3,5,20.3,2,20.8,3,20.8,3,21.2,3,21.6,3,21.3,3,0.4,2,0.2,3,21.2,3,21
1704,2,59.2,5,60.7,3,62.0,3,61.6,3,62.5,3,62.8,3,62.8,3,63.2,3,62.8,3,63.5,3,62.9
1709,5,15.4,5,15.9,5,16.0,2,16.7,3,17.1,3,17.2,3,17.9,3,18.1,3,17.7,2,17.8,2,17.5
1710,5,4.3,5,4.4,1,1.5,2,2.4,2,0.5,3,0.5,3,0.8,3,0.3,3,0.7,2,0.3,1,1.1
1715,5,17.0,5,17.4,2,17.9,3,18.4,3,19.0,3,19.0,3,19.0,3,3,3,3.3,2,5.1,2,6
1733,5,8.1,5,8.3,5,8.5,4,8.5,3,10.0,3,10.8,3,11.8,3,12.7,3,13.5,2,13.9,2,14.5
4020,5,2.7,5,2.7,5,3.0,4,3.2,3,4.3,3,4.8,3,5.1,3,1.8,3,2.7,2,1,2,2.8
4102,5,2.5,5,2.5,1,0.7,2,1.1,1,1.6,2,1.7,3,1.5,3,2.2,2,1.8,2,0.2,2,0.6
4103,5,11.9,5,12.3,5,13.3,4,14.5,3,21.0,3,21.5,3,22.0,3,1.3,3,2.7,2,4.5,2,
5003,5,0.6,5,0.6,5,1.0,5,0.9,1,1.6,1,1.9,2,2.6,2,3.4,2,4,2,3.8,0,
5004,5,0.3,5,0.4,5,0.5,5,0.8,1,1.5,1,1.8,2,2.0,2,2.7,2,,0,,,
5005,5,0.4,5,0.4,,,5,1.0,1,2.1,1,2.0,2,2.1,2,,2,,2,1.5,2,1.8
5006,5,2.1,5,2.2,5,2.4,5,2.6,2,3.4,3,3.5,3,3.9,3,0.2,2,0.2,2,-1,2,0.7
5007,5,0.3,5,0.3,5,0.7,5,0.8,1,2.5,3,3.0,3,3.5,3,4.6,3,0.2,0,,0,
5008,5,1.0,5,1.1,5,1.5,5,1.6,1,3.3,1,4.1,2,4.5,2,1.3,3,2.2,2,4.4,2,3.5
5101,,,5,1.5,5,1.5,5,2.0,1,5.1,3,2.6,3,2.8,3,2.9,2,2.5,0,,1,-1
172,2,11.2,1,0.3,1,0.3,2,0.2,2,0.2,0,,0,,,,,,1,1,,
226,2,11.4,2,0.2,1,0.3,2,0.5,1,1.2,1,1.4,2,0.2,1,2.1,1,2.6,5,2,5,3.2
230,3,16.5,3,17.0,3,17.5,4,18.0,3,21.6,3,20.9,3,21.9,4,23,3,24.2,1,0.6,2,1
373,3,13.0,2,12.7,1,0.7,2,0.7,2,0.4,1,-1.0,1,,1,-1.0,0,,,,,
374,3,10.2,2,10.3,2,10.5,2,10.3,3,3.7,3,4.4,3,4.8,2,2.9,3,4.8,2,4.5,2,4.6
378,3,13.7,2,1.0,1,1.6,2,1.9,2,2.5,3,2.5,3,2.4,1,0.9,2,0.6,1,0.7,2,0.2
379,3,10.4,3,10.0,3,16.0,3,14.3,3,15.0,3,18.5,3,18.9,3,20,3,21.2,3,22.5,3,21.4
381,3,19.3,3,19.7,1,0.3,2,1.0,3,2.7,2,2.7,3,3.2,3,1,2,1.5,0,,0,
383,3,11.2,3,11.4,3,11.3,3,11.7,3,13.0,3,13.5,3,13.9,3,15.1,3,16.7,3,17.3,3,18
384,3,12.4,3,13.0,2,13.5,2,14.0,3,15.0,3,14.7,3,15.0,3,16.1,3,16.5,3,18.6,3,19
392,,,,,,,2,0.2,,,1,-1.0,1,,1,-1.0,2,0.2,1,-1,,
397,3,37.6,3,39.0,2,41.3,3,39.7,3,39.8,3,39.9,3,40.0,3,40.1,2,42.1,1,1.7,2,1.9
400,2,9.4,2,0.9,1,0.3,2,0.2,2,0.6,2,0.9,1,1.1,1,0.9,1,1,,,1,-1
404,2,12.4,2,12.8,2,14.5,2,14.4,3,2.0,2,2.0,2,2.8,3,3.6,3,3.9,2,1,2,1.4
521,3,3.6,2,1.2,2,2.1,2,2.4,3,4.2,3,4.5,3,4.7,3,4.7,3,4,2,1,2,1.2
595,,,,,2,27.3,,,,,,,,,,,,,,,,
1536,2,22.4,2,22.5,2,23.3,3,23.0,3,24.9,3,25.6,3,25.7,3,26.9,3,27.8,3,29,3,29.8
1537,5,11.9,2,12.7,2,13.4,3,14.2,3,18.8,3,19.7,3,19.9,3,20.1,2,19.3,3,21.3,3,21.7
1542,5,9.7,2,10.0,3,10.2,2,10.4,1,-1.0,1,-1.0,1,0.3,1,0.3,2,0.2,2,,0,
1543,2,10.2,2,10.5,2,10.4,2,1.2,2,2.5,3,2.9,3,4.9,3,0.2,2,0.2,1,0.2,2,0.1
1545,2,10.9,2,12.4,2,12.5,2,12.2,2,0.9,2,1.4,2,1.3,2,1.5,2,1.6,2,1.4,2,1
1546,2,7.1,2,7.4,2,7.6,2,7.9,3,3.9,3,4.7,3,5.3,3,7,3,7.8,2,0.2,3,8
1562,3,23.1,2,23.1,2,23.2,2,24.5,3,24.0,3,25.4,3,24.5,3,26,3,26.1,2,2.8,2,2.1
1572,5,3.3,5,3.4,2,1.5,2,1.5,2,3.5,2,4.1,3,4.7,3,5.3,3,5.5,3,0.9,2,0.9
1575,5,11.9,2,13.2,2,24.6,2,13.4,2,2.2,2,2.5,3,2.7,3,2.3,3,2.3,2,0.8,2,0.7
1576,5,5.1,2,5.2,2,5.0,2,6.0,2,1.0,3,1.1,3,0.2,3,0.8,3,1,2,,2,-1
1577,5,6.9,5,7.3,2,7.5,2,7.7,2,3.1,2,3.6,2,1.0,2,0.8,2,-1,1,0.2,1,0.2
1579,3,7.4,2,7.5,3,7.9,2,2.8,3,4.0,2,4.0,1,0.6,2,1,2,1.3,1,0.7,2,1
1582,2,6.9,2,0.2,1,0.3,2,-1.0,2,1.9,1,0.9,1,-1.0,1,-1.0,1,-1.0,0,,0,
1583,2,16.3,2,16.6,3,17.0,2,17.1,3,18.4,3,18.9,3,19.7,3,21.5,3,22.3,3,23.6,3,24.4
1595,2,24.9,3,25.9,2,26.9,3,26.7,3,2.6,3,28.2,3,28.9,3,30.4,3,31.7,3,32.9,3,33
3038,5,5.6,5,5.7,2,5.9,3,6.1,3,4.2,3,4.9,3,5.5,3,6.1,3,6.6,2,6.8,3,7.5
4021,5,12.4,5,12.7,2,12.9,3,13.1,3,13.8,3,14.9,3,13.9,3,14,3,14.7,3,15,3,15.3
4022,2,5.6,2,1.1,2,1.2,2,1.8,2,3.5,2,3.5,2,3.3,2,2.5,3,2.6,1,,2,0.2
4023,5,11.9,2,12.1,2,12.1,2,12.2,2,0.9,3,1.1,3,1.2,3,1.9,3,1.1,2,1.5,2,1
4024,2,23.4,2,23.8,,,3,24.5,3,24.6,3,24.6,3,25.1,3,25.1,2,25.5,3,25.2,3,25.7
4025,5,6.1,5,6.3,2,6.3,2,1.0,3,3.4,2,3.5,2,3.6,2,0.9,3,3.4,0,,0,
4026,2,6.6,2,6.9,,,2,0.9,2,2.4,2,3.0,3,3.9,2,4.4,2,4.5,2,4.2,0,
4027,2,11.7,2,10.6,,,0,,,,1,-1.0,,,,,,,0,,,
4100,5,4.1,5,4.2,,,2,1.4,3,4.9,2,2.5,2,3.3,1,0.2,,,0,,,
4101,5,4.3,2,4.2,1,0.3,2,0.8,2,-1.0,1,-1.0,2,0.3,2,0.3,1,0.1,2,-1,0,
5000,5,0.4,5,0.5,5,0.8,1,1.1,2,0.2,1,0.4,1,0.5,1,0.7,2,0.6,0,,,
5001,5,0.8,5,0.9,5,1.5,5,2.0,2,3.7,3,5.2,3,6.2,3,7.8,3,8.9,1,2.7,2,3.1
5002,5,0.6,5,1.0,5,0.2,5,1.7,2,3.5,1,3.5,2,4.0,2,1.3,2,1.8,1,2.4,,
507,2,25.7,2,27.2,3,28.0,2,28.0,3,30.5,3,28.8,3,28.0,3,29.1,3,26.4,2,2,2,2.2
510,2,3.4,2,3.6,1,3.7,1,3.8,3,5.0,3,5.0,2,5.1,2,3.9,3,5.1,1,0.2,2,0.3
520,5,72.5,2,73.8,3,75.8,3,74.0,3,75.5,3,75.8,3,76.2,3,76.3,3,73.8,0,,,
2068,5,5.2,2,5.5,2,5.7,2,5.7,2,0.5,1,0.4,1,-1.0,0,,0,,0,,,
2069,5,4.4,5,4.8,5,5.2,4,6.0,2,3.0,3,3.1,1,-1.0,3,-1.0,0,,0,,,
2070,5,9.4,2,9.9,,,2,0.5,2,3.0,3,2.5,1,0.3,5,-1.0,2,0.2,0,,0,
2072,5,4.6,5,5.2,5,5.3,4,6.7,1,9.0,3,9.8,3,10.2,3,12,3,11.2,1,-1,0,
2073,5,19.3,2,20.8,2,20.5,2,20.7,3,21.0,3,21.1,3,21.2,3,22.5,3,21.7,2,21.2,2,1.1
2075,5,17.0,2,17.7,3,18.1,3,18.8,3,20.5,3,21.5,3,21.1,3,1.1,2,1.8,1,2,2,-1
2083,5,16.7,2,17.8,3,18.2,2,18.8,3,19.5,3,20.0,3,20.4,3,3.2,2,1,2,1.9,2,0.2
2088,2,9.2,5,9.8,5,10.2,2,10.3,2,10.5,3,11.7,2,10.7,2,3.9,3,3.4,2,2,2,0.6
2089,2,16.5,2,17.3,5,17.3,2,1.1,2,2.0,2,2.3,2,2.9,2,2.2,3,2.3,0,,0,
2093,5,6.0,2,6.1,2,7.0,2,-1.0,1,0.5,3,1.2,2,1.4,3,0.9,2,1.5,0,,0,
2094,5,10.9,2,11.5,3,11.9,3,11.9,2,1.0,2,0.8,2,0.8,2,0.4,2,0.3,0,,0,
2095,2,11.0,2,11.5,2,12.0,2,-1.0,2,0.5,2,0.8,2,1.3,3,1.7,2,2.2,1,-1,,
2097,5,9.2,2,9.5,2,10.2,3,9.7,3,1.6,2,1.9,2,1.3,3,0.5,3,1.1,1,1.4,2,1.7
2099,5,6.2,2,6.3,,,2,-1.0,2,-1.0,0,,0,,0,,0,,0,,,
2102,5,15.7,2,16.1,2,16.2,2,16.3,2,17.5,3,17.5,3,17.9,3,4,3,4.1,2,5.3,2,0.4
2103,5,13.1,2,13.7,2,13.8,2,14.2,2,15.0,3,14.2,3,2.5,3,3.3,3,3.9,1,-1,2,0.2
2107,5,8.1,5,8.7,5,10.5,3,10.0,2,11.0,3,10.7,3,10.8,3,11,3,11.2,2,2.1,1,2.4
2108,5,9.7,5,10.2,5,11.0,2,11.4,2,12.5,3,14.8,3,14.4,3,14.2,3,15.5,3,5.7,1,4
2115,5,6.1,5,6.1,5,7.4,2,6.6,2,9.0,4,9.1,4,9.6,3,6.7,3,7.2,2,8.2,2,3.2
2116,5,12.7,5,12.9,2,13.6,2,13.7,2,,2,2.4,2,1.4,2,2.1,3,3.5,2,1,2,3.7
2118,5,5.7,5,5.9,5,7.7,5,6.8,2,11.0,4,11.7,3,12.2,3,2.1,3,2.9,1,1.4,2,1.7
2119,5,2.9,5,3.0,5,3.0,5,3.2,1,4.0,1,4.3,3,4.5,3,2.4,3,3.1,1,4.9,2,6
2133,2,9.4,5,9.8,5,10.3,2,10.5,2,11.0,2,10.9,2,2.2,3,2.5,3,1.7,2,2.6,2,2.6
4051,5,3.6,2,3.7,2,4.1,2,3.4,,,2,0.9,2,-1.0,2,-1.0,0,,0,,,
4052.9,5,3.8,5,3.8,2,4.0,5,4.3,2,6.0,2,6.1,2,0.3,2,0.4,3,0.9,2,0.9,,
4053.9,5,3.0,5,3.1,5,3.7,4,3.8,1,5.8,2,6.3,3,6.8,3,8,3,9,2,2.8,2,3.8
4054.9,5,3.3,5,3.8,2,3.9,2,2.5,2,1.0,3,1.2,1,0.2,2,-1.0,0,,0,,,
5047,5,2.1,1,2.2,5,2.5,5,2.7,3,3.2,2,3.1,2,3.4,2,3.8,3,3,2,-1,2,1.2
5048,5,0.5,5,0.5,5,0.6,5,0.8,1,2.0,1,2.7,2,3.5,2,3.7,2,0.6,1,1.5,2,1.8
5049,5,2.1,5,2.4,5,3.5,5,2.7,2,2.0,2,1.7,2,1.6,3,1.8,3,1.2,2,1,2,1.3
5052,5,1.7,2,1.8,5,1.9,5,2.1,1,4.5,1,5.4,2,5.7,2,1.5,3,5.7,2,1,2,1.2
5053,5,2.2,5,2.3,,,5,2.4,2,2.5,2,1.8,2,0.9,2,1.8,3,2.9,2,1.4,1,2.2
5054,5,1.2,5,1.1,5,1.4,5,1.5,,,1,2.2,2,2.5,2,2.5,2,2.7,2,2.2,2,0.2
5055,5,1.7,2,1.7,2,1.6,2,-1.0,2,0.5,3,0.8,1,-1.0,0,,0,,0,,,
5057,2,0.6,2,0.2,2,0.2,2,0.7,2,-1.0,1,0.2,1,0.2,1,0.4,0,,0,,,
5063,5,0.6,5,0.6,5,0.6,5,1.0,1,1.0,3,1.4,1,-1.0,3,,0,,0,,,
5100.9,2,0.4,2,0.2,5,0.3,5,0.3,1,1.0,1,1.4,1,1.9,2,2.3,3,2.8,0,,0,
538,2,26.7,2,27.7,2,27.9,2,27.9,3,28.6,3,28.1,3,29.1,3,28.5,3,28.6,3,30,3,29
1393,5,4.8,5,5.0,5,6.2,3,5.4,1,1.6,2,2.3,2,0.8,3,1.3,2,1.6,2,2.6,2,3.1
1394,5,27.9,2,29.0,2,29.4,2,29.4,3,29.9,3,29.8,3,30.2,3,29.8,3,30.2,1,3.6,2,4.4
1395,5,37.1,5,38.3,3,38.5,3,38.6,3,38.9,4,40.1,4,39.5,3,39.7,3,39.2,3,40.9,2,4.1
1402,5,5.0,5,5.0,2,5.3,5,5.3,3,6.3,2,6.7,2,7.0,2,7.1,3,7.5,2,5,2,6
1403,5,5.8,2,6.0,2,6.2,3,6.4,3,7.0,2,7.2,2,1.0,3,2.3,2,3,2,0.7,2,1.4
1404,5,4.1,5,4.1,2,4.2,1,-1.0,2,0.5,1,0.5,1,0.5,2,0.5,3,2.5,1,-1,2,-1
1405,5,5.3,5,5.5,5,5.7,5,6.3,3,8.3,3,9.2,3,9.8,3,2,2,3.2,2,3.5,2,3.8
1406,5,5.3,5,5.6,2,6.0,4,6.1,3,7.0,2,1.1,2,1.8,3,2.1,2,2.6,1,4,2,4.4
1409,5,21.0,5,21.4,2,22.0,2,22.0,2,22.8,3,22.9,3,22.8,3,22.8,3,4.3,3,3.9,3,3.5
2006,5,14.5,5,14.5,2,14.4,2,14.5,3,2.4,3,14.6,3,2.1,3,3.8,3,3.6,1,1.9,1,2.2
2007,5,19.2,5,19.5,2,19.7,2,19.8,3,20.1,3,20.0,3,20.1,3,20.3,3,1.1,1,0.2,2,0.6
2008,5,3.6,5,3.8,5,4.2,4,4.5,3,6.8,3,6.8,3,6.8,3,7,2,2.4,3,4,3,3.8
2009,5,19.9,5,20.3,2,20.7,2,21.8,3,21.2,3,21.2,3,22.0,3,23,3,20.9,2,3.8,2,3.8
2012,5,23.0,2,23.2,2,22.9,2,-1.0,2,-1.0,2,-1.0,2,-1.0,2,-1.0,2,-1.0,0,,0,
2016,5,4.9,5,5.0,5,5.1,4,6.6,4,7.8,3,8.3,3,8.9,3,9.2,3,10.3,2,4.7,2,4.9
2017,5,24.1,2,24.3,2,24.6,3,24.6,3,25.2,3,25.1,3,25.7,3,26.2,3,6.5,2,5,2,5
2019,5,19.4,5,20.0,3,20.8,2,21.0,3,21.6,3,21.5,3,21.7,3,2.5,3,4.2,2,6.8,3,8.1
2020,5,24.6,5,25.4,3,5.8,2,25.7,3,25.8,3,26.0,3,25.9,3,0.7,3,1.2,1,-1,3,0.2
2021,5,9.6,2,9.7,2,9.7,3,9.8,2,3.9,3,10.2,3,10.0,3,4.4,3,5.1,2,6,2,6.1
2026,5,7.0,5,7.2,5,7.3,2,7.7,2,1.4,1,2.0,2,2.8,2,4.1,3,5.4,2,2.6,2,2.9
4003,5,4.1,5,4.2,2,4.2,3,4.3,2,0.6,3,0.9,1,0.3,2,1,2,1.3,1,-1,1,1
4004,5,4.4,5,4.5,2,4.5,2,4.7,2,4.9,2,4.9,2,5.0,2,4.1,3,4.4,2,3.9,2,3.8
4007,4,9.4,2,9.4,2,9.5,2,4.0,2,2.0,3,2.3,3,2.5,3,2.7,3,3.7,3,3.2,2,1.8
4129,5,2.5,5,2.6,5,2.7,5,2.9,2,3.3,1,3.2,2,3.3,2,3.7,2,3.9,1,0.5,2,1.3
4130,5,2.5,5,2.5,1,2.8,5,2.6,2,3.0,2,2.9,2,3.0,2,-1.0,2,-1.0,0,,,
4131,5,3.0,5,3.1,2,3.1,2,0.2,2,1.6,1,2.1,1,2.7,2,3.6,2,4.7,3,6.1,3,6.2
4132,5,23.6,2,24.1,2,24.2,3,24.4,3,24.2,3,25.1,3,25.0,3,25.2,3,75.2,3,25.3,3,25.2
5038,5,0.7,5,0.7,5,0.8,5,0.8,2,0.5,1,0.6,,,,,,,,,,
5039,5,1.2,5,1.2,5,1.3,3,1.6,2,2.1,2,2.1,2,2.4,2,3,2,0.2,1,1,1,1.5
5040,5,1.7,5,1.7,1,1.9,5,2.0,1,2.5,1,2.5,2,2.8,2,3.3,3,3.1,1,-1,2,0.2
5041,5,1.7,5,1.8,5,1.9,5,2.1,2,3.9,3,4.0,3,3.8,2,0.5,3,0.7,2,0.3,2,0.9
5042,5,0.8,5,0.8,5,0.8,5,0.9,1,1.9,1,2.0,3,2.2,,2,2,2,0,,0,
5043,5,1.7,5,1.7,5,1.9,5,1.9,2,2.4,2,2.3,2,2.3,2,1.2,3,2,1,-1,1,0.2
5044,5,0.8,2,0.8,5,0.8,2,0.2,1,-1.0,1,-1.0,0,,,,,,,,,
5045,5,1.6,5,2.3,5,1.4,5,1.5,2,1.7,2,1.8,2,1.6,2,2.5,3,3,,,,
5046,5,0.7,5,0.6,5,0.7,2,0.4,1,1.5,1,1.9,2,1.6,2,0.3,1,0.4,1,-1,0,
251,2,14.0,2,13.8,2,1.6,2,1.5,2,1.0,3,1.0,1,-1.0,2,-1.0,2,-1.0,1,-1.0,1,35
541,5,29.5,3,31.5,5,32.8,3,33.0,3,35.0,3,36.3,3,35.8,3,35.8,3,35.9,3,40.5,2,35.8
544,5,51.6,2,51.7,2,52.1,2,51.6,3,52.0,3,52.0,3,52.0,3,39.8,3,5,3,6.3,2,4.9
546,2,52.5,2,52.1,5,53.5,2,53.1,3,50.0,3,51.9,3,51.9,3,52.7,3,51.9,3,52.3,2,52.9
2409,2,21.1,2,22.4,3,23.4,3,24.0,3,26.0,3,26.5,3,26.7,3,27.1,3,27.5,3,28.2,3,27.5
2410,5,18.8,5,19.9,5,20.8,2,21.5,2,23.0,3,23.3,3,23.6,3,23.5,2,2.6,2,1.6,2,1.1
2415,5,16.8,5,17.1,5,17.4,3,17.6,3,17.5,3,18.6,3,19.0,3,18.7,3,14.7,3,4.3,2,2.3
2416,5,9.4,5,9.9,5,10.2,2,10.6,2,12.0,1,1.3,1,2.0,2,2.6,2,3.4,2,3.8,2,0.9
2424,5,11.7,5,12.2,1,12.5,2,12.9,2,13.5,3,13.2,3,13.4,3,14.3,3,13.4,2,3.4,2,1.3
2425,5,20.7,2,21.3,5,21.7,2,22.0,3,23.0,3,23.5,3,24.0,3,23.6,3,23.2,2,1.9,2,1.9
2426,5,13.3,2,13.9,5,14.5,4,15.1,3,16.5,3,16.3,3,16.5,3,2.2,3,2.7,2,3.2,2,4.1
2427,5,6.6,5,6.9,5,7.2,2,7.4,1,-1.0,1,0.2,1,1.0,3,0.9,2,1.2,1,-1,0,
2428,2,19.9,2,20.9,2,21.1,2,21.5,2,22.5,3,3.6,3,4.6,3,5.9,3,7.2,3,8,3,8.1
2429,2,19.8,2,20.9,3,21.3,2,1.6,4,3.0,3,4.2,3,4.6,3,4,3,3.4,2,3.4,2,3.9
2430,5,18.8,5,19.6,3,20.1,3,20.8,2,21.5,3,21.6,3,22.5,3,3.3,2,3.7,2,2.9,2,2.7
2431,5,23.0,5,23.6,2,25.3,2,24.3,2,25.5,3,24.5,2,1.5,3,2.1,3,3.1,3,3.5,2,3.7
2432,5,7.5,5,8.0,2,8.5,2,9.0,1,1.0,1,-1.0,1,-1.0,2,0.3,2,0.2,0,,0,
2433,5,16.3,5,17.5,5,18.5,2,19.7,2,22.5,3,21.8,3,22.2,3,2.4,3,2.8,2,3,2,1.3
2434,2,0.3,2,0.6,2,1.0,2,1.2,4,3.0,3,3.3,3,3.9,3,0.3,1,0.4,1,-1,2,-1
2435,5,9.9,5,10.2,5,10.5,3,10.9,4,13.3,3,14.0,3,15.6,3,16.1,3,17.8,2,17.9,2,17.8
2436,5,23.4,5,24.2,5,25.2,2,25.3,2,25.5,3,25.8,3,26.0,3,26,3,25.8,1,1.3,1,1.3
2440,5,10.6,5,10.9,5,11.4,5,11.7,2,13.0,2,0.5,2,0.4,2,0.3,2,-1,1,-1,2,55
2441,5,5.5,5,5.5,5,4.9,4,3.5,3,3.5,2,4.5,2,2.6,3,3,3,4.4,2,1.7,2,0.5
2591,5,8.9,5,9.5,3,9.6,3,9.8,2,10.2,2,9.7,1,2.2,3,2.2,3,2.8,0,,,
2592,5,3.3,5,3.5,5,3.4,5,4.4,1,3.5,1,3.8,2,3.8,2,3.6,2,2.2,2,-1,2,-1
2593,5,17.0,5,17.7,3,18.3,3,18.9,2,20.0,3,20.0,3,20.0,3,22.2,2,20,2,1.3,2,0.8
4005,5,5.8,5,6.4,5,6.7,3,7.0,2,9.0,2,7.8,2,7.8,3,2.4,2,0.9,1,-1,1,-1
4006,5,3.8,5,4.0,5,4.5,2,4.4,2,4.6,0,,0,,0,,0,,0,,,
5037,5,0.4,5,0.6,5,0.7,5,1.0,2,1.5,3,1.7,1,0.7,2,0.9,1,1.1,1,1.3,1,1.5
553,2,36.8,2,37.6,3,37.9,2,36.5,3,39.0,3,38.1,3,38.3,3,38,3,37.1,3,4.3,2,1.8
2337,5,14.5,5,15.4,5,16.0,2,17.9,2,18.0,3,18.3,3,18.4,3,18.7,3,18.4,2,4.8,2,4.3
2338,5,10.2,5,10.6,5,11.0,4,11.4,4,15.0,3,12.5,3,12.3,3,0.9,2,-1,0,,,
2339,5,6.1,5,6.2,2,6.3,5,6.3,1,7.0,1,7.3,3,7.8,2,0.3,2,0.4,2,0.2,2,0.5
2340,5,5.1,5,5.1,5,5.1,2,1.8,2,2.5,1,0.5,1,2.0,2,0.7,2,1.6,3,2.9,2,-1
2341,5,32.3,5,32.9,5,33.7,3,34.2,3,35.5,3,35.1,3,35.3,3,36,3,35.7,2,0.9,2,0.4
2342,5,5.1,5,5.1,2,5.2,3,5.2,3,6.0,3,2.0,3,3.0,3,5.2,3,5.3,2,1.9,2,2.6
2343,5,10.7,5,11.0,5,11.6,4,12.2,3,12.5,3,13.2,3,13.2,3,13.1,3,13.3,2,5.4,3,5.8
2344,4,7.4,5,7.7,5,8.2,5,8.5,2,10.5,3,10.9,3,10.7,3,0.4,3,0.8,2,0.5,2,0.8
2349,5,6.9,5,6.7,5,6.8,4,6.9,2,7.0,2,1.9,1,1.0,3,1.5,2,2.6,1,3.4,2,3.9
2505,5,13.7,5,14.1,5,14.3,4,14.8,4,16.5,3,17.1,3,17.5,3,18,2,17.9,2,2.2,2,1.5
2506,5,5.8,5,6.1,5,6.2,4,6.3,2,2.0,3,6.2,3,6.3,3,4.4,3,4.7,1,1.9,1,2.6
2507,5,9.5,5,9.8,5,9.9,5,10.1,1,11.0,3,11.5,3,11.9,3,11.5,2,1.8,2,3,2,3
2508,5,4.8,5,4.9,5,5.3,4,5.4,3,7.0,3,2.3,3,2.5,3,2.5,2,3.1,1,0.9,2,1.6
2517,5,7.6,5,8.0,5,8.3,4,8.5,4,9.5,3,9.4,3,9.5,3,10.5,2,5.4,3,6.5,2,6.2
2518,5,8.4,5,8.7,5,8.9,4,9.1,1,10.0,2,10.2,3,10.5,2,10.3,3,10.4,2,2.2,2,2.2
2519,5,15.6,5,15.8,3,16.0,4,16.2,2,16.5,3,16.5,3,16.5,3,2.5,2,3.3,2,4.1,2,3.4
2520,5,6.7,5,6.8,5,6.9,2,0.5,1,1.0,2,1.8,2,2.3,2,3.2,4,4.2,2,4.8,2,4.7
2521,5,37.8,5,38.4,2,38.8,2,39.0,2,39.5,3,39.5,3,39.2,3,40.4,3,39.8,3,3.3,2,3.5
2522,5,42.9,5,43.9,3,44.0,3,44.4,3,45.5,3,44.7,3,44.9,3,46.5,3,45.2,2,3.1,2,3.6
2523,5,11.2,5,11.6,5,11.9,4,12.1,3,12.5,2,1.8,2,12.2,3,1.4,2,1.6,2,0.5,2,-1
2524,5,8.9,5,9.6,5,9.9,4,10.0,4,10.5,3,10.7,2,1.0,3,0.3,2,1,1,-1,2,0.2
2525,5,0.3,5,0.2,5,0.5,1,0.7,1,1.0,2,0.4,1,-1.0,2,-1.0,2,-1.0,0,,0,
2529,4,39.1,3,40.5,2,31.5,3,41.7,3,42.0,3,42.0,3,41.8,3,0.6,2,0.9,1,-1,2,-1
2530,5,8.1,5,8.5,5,8.7,2,8.8,2,2.5,3,1.3,2,0.5,2,0.3,2,1.1,1,1,2,0.2
2532,5,6.0,5,6.1,5,6.5,5,6.5,2,7.0,3,6.9,1,1.0,2,1.4,2,2.1,2,2,2,1.8
2533,3,29.5,2,30.2,2,30.3,2,30.3,2,1.5,3,18.4,3,18.2,3,0.7,2,1,1,-1,2,-1
2534,5,51.3,5,52.9,3,53.6,3,53.5,1,-1.0,1,0.5,2,1.0,2,0.4,2,-1,0,,,
2538,5,12.7,5,13.1,5,11.3,3,13.7,3,14.0,3,14.5,3,14.9,3,15.1,2,15.3,1,0.3,2,1
2539,5,9.4,5,9.9,5,10.5,4,11.4,4,14.0,3,14.3,3,14.4,3,14.6,3,14.7,2,1.4,2,2.1
2540,5,7.4,5,7.5,5,7.7,4,7.8,2,8.0,3,8.2,3,8.2,3,2.1,2,3.2,1,1.7,2,3.4
4075,5,3.5,5,3.5,5,3.6,4,3.8,4,4.0,3,4.3,3,4.5,3,5,3,5.2,2,1.2,2,1.5
4127,5,2.5,5,2.7,5,2.8,5,3.0,1,,1,3.6,2,3.5,2,3.4,2,1.3,,,1,-1
4128,5,7.1,5,7.5,5,7.8,5,8.2,3,9.0,2,9.0,2,9.0,2,2.1,,,2,1.6,2,2.1
5031,5,0.3,5,0.3,5,0.5,5,0.5,1,0.5,2,0.5,2,1.2,2,1.2,,,,,,
5032,5,1.4,5,1.5,,,5,1.4,1,2.0,1,1.6,1,2.1,2,2.9,2,0.7,2,-1,2,0.8
5033,5,0.8,5,0.9,5,1.0,5,1.1,1,1.5,1,1.5,1,1.8,2,1.8,,,1,-1,,
5035,5,1.8,5,1.9,,,2,2.0,2,-1.0,1,-1.0,1,0.4,2,0.9,2,1.1,2,0.3,2,0.6
,,,,,,,,,,,,,,,,,,,,,,
,,,,,,,,,,,,,,,,,,,,,,
,,,,,,,,,,,,,,,,,,,,,,
,,,,,,,,,,,,,,,,,,,,,,
,,,,,,,,,,,,,,,,,,,,,,
,,,,,,,,,,,,,,,,,,,,,,
,,,,,,,,,,,,,,,,,,,,,,
,,,,,,,,,,,,,,,,,,,,,,
,,,,,,,,,,,,,,,,,,,,,,
,,,,,,,,,,,,,,,,,,,,,,
,,,,,,,,,,,,,,,,,,,,,,
